,alert,cdi,code,detail,dmin,felt,gap,geometry,id,ids,mag,magType,mmi,net,nst,place,rms,sig,sources,status,time,title,tsunami,type,types,tz,updated,url,eq_type
0,green,0.0,2000c3y6,https://earthquake.usgs.gov/fdsnws/event/1/query?eventid=us2000c3y6&format=geojson,19.84,0,23,POINT Z (2.1483 -54.2156 10),us2000c3y6,",pt17347000,at00p0wvie,us2000c3y6,",6.5,mww,4.73,us,,"82km WNW of Bouvet Island, Bouvet Island",0.99,650,",pt,at,us,",reviewed,1513188222790,"M 6.5 - 82km WNW of Bouvet Island, Bouvet Island",1,earthquake,",geoserve,impact-link,losspager,moment-tensor,origin,phase-data,shakemap,",0,1513205887166,https://earthquake.usgs.gov/earthquakes/eventpage/us2000c3y6,
1,,4.3,2000c3ms,https://earthquake.usgs.gov/fdsnws/event/1/query?eventid=us2000c3ms&format=geojson,5.46,1,73,POINT Z (57.2854 30.8658 10),us2000c3ms,",us2000c3ms,",5.0,mb,0.0,us,,"63km SE of Ravar, Iran",0.92,385,",us,",reviewed,1513115381780,"M 5.0 - 63km SE of Ravar, Iran",0,earthquake,",dyfi,geoserve,origin,phase-data,",210,1513119760207,https://earthquake.usgs.gov/earthquakes/eventpage/us2000c3ms,
2,green,5.8,2000c3mi,https://earthquake.usgs.gov/fdsnws/event/1/query?eventid=us2000c3mi&format=geojson,5.484,28,24,POINT Z (57.276 30.8389 10),us2000c3mi,",us2000c3mi,",6.0,mww,7.56,us,,"64km NNE of Kerman, Iran",0.83,570,",us,",reviewed,1513114891990,"M 6.0 - 64km NNE of Kerman, Iran",0,earthquake,",dyfi,geoserve,losspager,moment-tensor,origin,phase-data,shakemap,",210,1513200088374,https://earthquake.usgs.gov/earthquakes/eventpage/us2000c3mi,
3,green,4.2,2000c3ag,https://earthquake.usgs.gov/fdsnws/event/1/query?eventid=us2000c3ag&format=geojson,5.53,12,49,POINT Z (57.2899 30.7559 10),us2000c3ag,",us2000c3ag,",5.9,mww,6.99,us,,"56km NNE of Kerman, Iran",1.01,541,",us,",reviewed,1513068198730,"M 5.9 - 56km NNE of Kerman, Iran",0,earthquake,",dyfi,geoserve,losspager,origin,phase-data,shakemap,",210,1513144136221,https://earthquake.usgs.gov/earthquakes/eventpage/us2000c3ag,
4,green,5.8,2000c2xt,https://earthquake.usgs.gov/fdsnws/event/1/query?eventid=us2000c2xt&format=geojson,1.038,5,99,POINT Z (-71.0699 -19.7212 7.61),us2000c2xt,",us2000c2xt,",5.5,mww,3.34,us,,"111km WNW of Iquique, Chile",1.46,468,",us,",reviewed,1513018855860,"M 5.5 - 111km WNW of Iquique, Chile",0,earthquake,",dyfi,geoserve,losspager,origin,phase-data,shakemap,",-300,1513033686913,https://earthquake.usgs.gov/earthquakes/eventpage/us2000c2xt,
5,green,0.0,2000c2vg,https://earthquake.usgs.gov/fdsnws/event/1/query?eventid=us2000c2vg&format=geojson,6.394,0,42,POINT Z (167.4548 -14.3509 187.3),us2000c2vg,",us2000c2vg,",5.6,mww,3.53,us,,"52km S of Sola, Vanuatu",0.96,482,",us,",reviewed,1513013350600,"M 5.6 - 52km S of Sola, Vanuatu",0,earthquake,",geoserve,losspager,moment-tensor,origin,phase-data,shakemap,",660,1513198661040,https://earthquake.usgs.gov/earthquakes/eventpage/us2000c2vg,
6,green,6.2,2000c2ue,https://earthquake.usgs.gov/fdsnws/event/1/query?eventid=us2000c2ue&format=geojson,0.056,72,43,POINT Z (45.7453 35.064 16.98),us2000c2ue,",us2000c2ue,",5.4,mww,5.99,us,,"25km WSW of Halabjah, Iraq",0.67,493,",us,",reviewed,1513001397220,"M 5.4 - 25km WSW of Halabjah, Iraq",0,earthquake,",dyfi,geoserve,losspager,moment-tensor,origin,phase-data,shakemap,",180,1513200483040,https://earthquake.usgs.gov/earthquakes/eventpage/us2000c2ue,
7,green,0.0,2000c2te,https://earthquake.usgs.gov/fdsnws/event/1/query?eventid=us2000c2te&format=geojson,3.856,0,107,POINT Z (-173.593 -20.8127 10),us2000c2te,",us2000c2te,",5.6,mb,3.47,us,,"137km SE of Pangai, Tonga",1.15,482,",us,",reviewed,1512989400130,"M 5.6 - 137km SE of Pangai, Tonga",0,earthquake,",geoserve,losspager,moment-tensor,origin,phase-data,shakemap,",-720,1513201437040,https://earthquake.usgs.gov/earthquakes/eventpage/us2000c2te,
8,,0.0,2000c2mh,https://earthquake.usgs.gov/fdsnws/event/1/query?eventid=us2000c2mh&format=geojson,0.299,0,117,POINT Z (168.3516 -21.4756 10),us2000c2mh,",us2000c2mh,",5.3,mww,0.0,us,,"49km E of Tadine, New Caledonia",1.03,432,",us,",reviewed,1512927014250,"M 5.3 - 49km E of Tadine, New Caledonia",0,earthquake,",geoserve,origin,phase-data,",660,1512927978040,https://earthquake.usgs.gov/earthquakes/eventpage/us2000c2mh,
9,,0.0,2000c2jd,https://earthquake.usgs.gov/fdsnws/event/1/query?eventid=us2000c2jd&format=geojson,18.077,0,83,POINT Z (104.4908 -48.2564 10),us2000c2jd,",us2000c2jd,",5.3,mb,0.0,us,,Southeast Indian Ridge,0.7,432,",us,",reviewed,1512885478620,M 5.3 - Southeast Indian Ridge,0,earthquake,",geoserve,origin,phase-data,",420,1512886627040,https://earthquake.usgs.gov/earthquakes/eventpage/us2000c2jd,
10,green,0.0,2000c2du,https://earthquake.usgs.gov/fdsnws/event/1/query?eventid=us2000c2du&format=geojson,5.736,0,82,POINT Z (140.2081 10.0901 10),us2000c2du,",us2000c2du,",6.1,mww,4.96,us,,"49km NW of Fais, Micronesia",1.32,572,",us,",reviewed,1512832464520,"M 6.1 - 49km NW of Fais, Micronesia",0,earthquake,",geoserve,losspager,moment-tensor,origin,phase-data,shakemap,",540,1513202100040,https://earthquake.usgs.gov/earthquakes/eventpage/us2000c2du,
11,green,2.0,2000c286,https://earthquake.usgs.gov/fdsnws/event/1/query?eventid=us2000c286&format=geojson,3.047,1,34,POINT Z (-173.9502 -16.1312 129.33),us2000c286,",pt17342003,us2000c286,",5.7,mww,4.03,us,,"29km SW of Hihifo, Tonga",0.68,500,",pt,us,",reviewed,1512776530870,"M 5.7 - 29km SW of Hihifo, Tonga",0,earthquake,",dyfi,geoserve,losspager,moment-tensor,origin,phase-data,shakemap,",-720,1512972771050,https://earthquake.usgs.gov/earthquakes/eventpage/us2000c286,
12,green,0.0,2000c1zn,https://earthquake.usgs.gov/fdsnws/event/1/query?eventid=us2000c1zn&format=geojson,5.845,0,38,POINT Z (140.1315 10.009 20.27),us2000c1zn,",pt17342002,at00p0mzdc,us2000c1zn,",6.4,mww,6.08,us,,"50km WNW of Fais, Micronesia",1.14,630,",pt,at,us,",reviewed,1512726670300,"M 6.4 - 50km WNW of Fais, Micronesia",1,earthquake,",geoserve,impact-link,losspager,moment-tensor,origin,phase-data,shakemap,",540,1512746163040,https://earthquake.usgs.gov/earthquakes/eventpage/us2000c1zn,
13,green,0.0,2000c1yh,https://earthquake.usgs.gov/fdsnws/event/1/query?eventid=us2000c1yh&format=geojson,5.865,0,47,POINT Z (140.1236 9.985099999999999 10),us2000c1yh,",us2000c1yh,",5.5,mb,3.96,us,,"49km WNW of Fais, Micronesia",0.77,465,",us,",reviewed,1512711474660,"M 5.5 - 49km WNW of Fais, Micronesia",0,earthquake,",geoserve,losspager,origin,phase-data,shakemap,",540,1512718831493,https://earthquake.usgs.gov/earthquakes/eventpage/us2000c1yh,
14,green,0.0,2000c1xc,https://earthquake.usgs.gov/fdsnws/event/1/query?eventid=us2000c1xc&format=geojson,18.436,0,73,POINT Z (-178.648 -30.7958 10),us2000c1xc,",us2000c1xc,",6.2,mwp,5.1,us,,"74km NNE of L'Esperance Rock, New Zealand",1.42,591,",us,",reviewed,1512698999440,"M 6.2 - 74km NNE of L'Esperance Rock, New Zealand",0,earthquake,",geoserve,losspager,moment-tensor,origin,phase-data,shakemap,",-720,1512763482040,https://earthquake.usgs.gov/earthquakes/eventpage/us2000c1xc,
15,green,0.0,2000c1wt,https://earthquake.usgs.gov/fdsnws/event/1/query?eventid=us2000c1wt&format=geojson,5.711,0,13,POINT Z (140.2197 10.1164 12.79),us2000c1wt,",pt17342000,at00p0m19s,us2000c1wt,",6.4,mww,5.29,us,,"50km NW of Fais, Micronesia",0.76,630,",pt,at,us,",reviewed,1512692574200,"M 6.4 - 50km NW of Fais, Micronesia",1,earthquake,",geoserve,impact-link,losspager,moment-tensor,origin,phase-data,shakemap,",540,1512866535648,https://earthquake.usgs.gov/earthquakes/eventpage/us2000c1wt,
16,,2.7,2000c1w5,https://earthquake.usgs.gov/fdsnws/event/1/query?eventid=us2000c1w5&format=geojson,5.071,1,45,POINT Z (-173.4664 -15.2772 10),us2000c1w5,",us2000c1w5,",5.3,mb,0.0,us,,"80km NNE of Hihifo, Tonga",0.8,432,",us,",reviewed,1512688200480,"M 5.3 - 80km NNE of Hihifo, Tonga",0,earthquake,",dyfi,geoserve,origin,phase-data,",-720,1512963605281,https://earthquake.usgs.gov/earthquakes/eventpage/us2000c1w5,
17,,0.0,2000c1w0,https://earthquake.usgs.gov/fdsnws/event/1/query?eventid=us2000c1w0&format=geojson,8.535,0,115,POINT Z (176.029 -16.5312 10),us2000c1w0,",us2000c1w0,",5.1,mb,0.0,us,,"194km NW of Lautoka, Fiji",0.74,400,",us,",reviewed,1512687717060,"M 5.1 - 194km NW of Lautoka, Fiji",0,earthquake,",geoserve,origin,phase-data,",720,1512865241040,https://earthquake.usgs.gov/earthquakes/eventpage/us2000c1w0,
18,,0.0,2000c1lm,https://earthquake.usgs.gov/fdsnws/event/1/query?eventid=us2000c1lm&format=geojson,0.692,0,22,POINT Z (102.9565 -5.058 52.44),us2000c1lm,",us2000c1lm,",5.3,mb,0.0,us,,"89km W of Kuripan, Indonesia",0.94,432,",us,",reviewed,1512659795140,"M 5.3 - 89km W of Kuripan, Indonesia",1,earthquake,",geoserve,origin,phase-data,",420,1512829399040,https://earthquake.usgs.gov/earthquakes/eventpage/us2000c1lm,
19,,2.6,2000c1ee,https://earthquake.usgs.gov/fdsnws/event/1/query?eventid=us2000c1ee&format=geojson,7.557,1,76,POINT Z (65.7281 27.4246 10),us2000c1ee,",us2000c1ee,",5.3,mww,0.0,us,,"96km WSW of Khuzdar, Pakistan",0.82,432,",us,",reviewed,1512603718540,"M 5.3 - 96km WSW of Khuzdar, Pakistan",0,earthquake,",dyfi,geoserve,moment-tensor,origin,phase-data,",300,1512607693040,https://earthquake.usgs.gov/earthquakes/eventpage/us2000c1ee,
20,,2.0,2000c1ea,https://earthquake.usgs.gov/fdsnws/event/1/query?eventid=us2000c1ea&format=geojson,4.072,2,66,POINT Z (77.562 35.6714 59.23),us2000c1ea,",us2000c1ea,",5.1,mww,0.0,us,,"111km NE of Thang, India",0.84,401,",us,",reviewed,1512602942070,"M 5.1 - 111km NE of Thang, India",0,earthquake,",dyfi,geoserve,origin,phase-data,",480,1512624986048,https://earthquake.usgs.gov/earthquakes/eventpage/us2000c1ea,
21,green,0.0,1000bms0,https://earthquake.usgs.gov/fdsnws/event/1/query?eventid=us1000bms0&format=geojson,0.996,0,34,POINT Z (123.7047 -0.6889 43.31),us1000bms0,",us1000bms0,",5.5,mww,4.02,us,,"106km ENE of Luwuk, Indonesia",1.31,465,",us,",reviewed,1512576418870,"M 5.5 - 106km ENE of Luwuk, Indonesia",1,earthquake,",geoserve,losspager,origin,phase-data,shakemap,",480,1512583811991,https://earthquake.usgs.gov/earthquakes/eventpage/us1000bms0,
22,,4.6,1000bmru,https://earthquake.usgs.gov/fdsnws/event/1/query?eventid=us1000bmru&format=geojson,5.848,167,50,POINT Z (79.1854 30.6375 10),us1000bmru,",us1000bmru,",5.1,mb,0.0,us,,"34km NW of Pipalkoti, India",0.75,477,",us,",reviewed,1512573590090,"M 5.1 - 34km NW of Pipalkoti, India",0,earthquake,",dyfi,geoserve,origin,phase-data,",330,1512964091698,https://earthquake.usgs.gov/earthquakes/eventpage/us1000bmru,
23,,3.9,1000bmmi,https://earthquake.usgs.gov/fdsnws/event/1/query?eventid=us1000bmmi&format=geojson,4.081,9,102,POINT Z (125.7115 11.1753 41.78),us1000bmmi,",us1000bmmi,",5.0,mb,0.0,us,,"5km ENE of Salcedo, Philippines",0.81,388,",us,",reviewed,1512528502450,"M 5.0 - 5km ENE of Salcedo, Philippines",0,earthquake,",dyfi,geoserve,origin,phase-data,",480,1512807585706,https://earthquake.usgs.gov/earthquakes/eventpage/us1000bmmi,
24,,0.0,1000bmky,https://earthquake.usgs.gov/fdsnws/event/1/query?eventid=us1000bmky&format=geojson,2.072,0,97,POINT Z (161.5483 -10.7936 19.02),us1000bmky,",us1000bmky,",5.1,mb,0.0,us,,"55km SW of Kirakira, Solomon Islands",1.14,400,",us,",reviewed,1512517557380,"M 5.1 - 55km SW of Kirakira, Solomon Islands",0,earthquake,",geoserve,origin,phase-data,",660,1513206862040,https://earthquake.usgs.gov/earthquakes/eventpage/us1000bmky,
25,,5.0,1000bmij,https://earthquake.usgs.gov/fdsnws/event/1/query?eventid=us1000bmij&format=geojson,1.458,2,30,POINT Z (102.1893 -3.1098 41.11),us1000bmij,",us1000bmij,",5.1,mb,0.0,us,,"54km NW of Curup, Indonesia",0.79,401,",us,",reviewed,1512506790200,"M 5.1 - 54km NW of Curup, Indonesia",1,earthquake,",dyfi,geoserve,origin,phase-data,",420,1512573443213,https://earthquake.usgs.gov/earthquakes/eventpage/us1000bmij,
26,,4.3,1000bmdw,https://earthquake.usgs.gov/fdsnws/event/1/query?eventid=us1000bmdw&format=geojson,0.256,45,91,POINT Z (137.9526 36.3883 3.21),us1000bmdw,",us1000bmdw,",5.0,mb,0.0,us,,"8km NE of Hotaka, Japan",1.01,404,",us,",reviewed,1512486829700,"M 5.0 - 8km NE of Hotaka, Japan",0,earthquake,",dyfi,geoserve,moment-tensor,origin,phase-data,",540,1512647354255,https://earthquake.usgs.gov/earthquakes/eventpage/us1000bmdw,
27,,0.0,1000bmby,https://earthquake.usgs.gov/fdsnws/event/1/query?eventid=us1000bmby&format=geojson,1.609,0,68,POINT Z (126.7955 2.287 30.5),us1000bmby,",us1000bmby,",5.1,mww,0.0,us,,"148km WNW of Tobelo, Indonesia",0.9,400,",us,",reviewed,1512476064030,"M 5.1 - 148km WNW of Tobelo, Indonesia",0,earthquake,",geoserve,origin,phase-data,",480,1512477044040,https://earthquake.usgs.gov/earthquakes/eventpage/us1000bmby,
28,,0.0,1000bkwg,https://earthquake.usgs.gov/fdsnws/event/1/query?eventid=us1000bkwg&format=geojson,5.605,0,68,POINT Z (123.0085 -9.6257 35),us1000bkwg,",us1000bkwg,",5.3,mb,0.0,us,,"83km W of Naisano Dua, Indonesia",1.48,432,",us,",reviewed,1512388343830,"M 5.3 - 83km W of Naisano Dua, Indonesia",1,earthquake,",geoserve,moment-tensor,origin,phase-data,",480,1512490685040,https://earthquake.usgs.gov/earthquakes/eventpage/us1000bkwg,
29,,0.0,1000bkvb,https://earthquake.usgs.gov/fdsnws/event/1/query?eventid=us1000bkvb&format=geojson,1.031,0,109,POINT Z (121.3251 21.8068 10),us1000bkvb,",us1000bkvb,",5.0,mb,0.0,us,,"63km ESE of Hengchun, Taiwan",1.39,385,",us,",reviewed,1512377978490,"M 5.0 - 63km ESE of Hengchun, Taiwan",0,earthquake,",geoserve,moment-tensor,origin,phase-data,",480,1512491701040,https://earthquake.usgs.gov/earthquakes/eventpage/us1000bkvb,
30,green,0.0,1000bkqv,https://earthquake.usgs.gov/fdsnws/event/1/query?eventid=us1000bkqv&format=geojson,7.447,0,107,POINT Z (170.3981 -13.9285 10),us1000bkqv,",us1000bkqv,",5.5,mww,2.57,us,,Vanuatu region,0.67,465,",us,",reviewed,1512351301580,M 5.5 - Vanuatu region,0,earthquake,",geoserve,losspager,moment-tensor,origin,phase-data,shakemap,",660,1513125962259,https://earthquake.usgs.gov/earthquakes/eventpage/us1000bkqv,
31,green,0.0,1000bkpn,https://earthquake.usgs.gov/fdsnws/event/1/query?eventid=us1000bkpn&format=geojson,3.597,0,54,POINT Z (-178.7911 -32.777 22.79),us1000bkpn,",us1000bkpn,",5.8,mww,2.49,us,,"149km S of L'Esperance Rock, New Zealand",1.06,518,",us,",reviewed,1512346087000,"M 5.8 - 149km S of L'Esperance Rock, New Zealand",0,earthquake,",geoserve,losspager,moment-tensor,origin,phase-data,shakemap,",-720,1512943970867,https://earthquake.usgs.gov/earthquakes/eventpage/us1000bkpn,
32,,0.0,1000bkks,https://earthquake.usgs.gov/fdsnws/event/1/query?eventid=us1000bkks&format=geojson,12.801,0,76,POINT Z (-40.6429 9.865500000000001 10),us1000bkks,",us1000bkks,",5.1,mb,0.0,us,,Central Mid-Atlantic Ridge,0.75,400,",us,",reviewed,1512319828040,M 5.1 - Central Mid-Atlantic Ridge,0,earthquake,",geoserve,origin,phase-data,",-180,1513196846040,https://earthquake.usgs.gov/earthquakes/eventpage/us1000bkks,
33,,0.0,2000c239,https://earthquake.usgs.gov/fdsnws/event/1/query?eventid=us2000c239&format=geojson,1.924,0,157,POINT Z (-178.7345 -31.0448 98.3),us2000c239,",us2000c239,",5.0,mb,0.0,us,,"45km NNE of L'Esperance Rock, New Zealand",1.35,385,",us,",reviewed,1512314808690,"M 5.0 - 45km NNE of L'Esperance Rock, New Zealand",0,earthquake,",geoserve,origin,phase-data,",-720,1513179700040,https://earthquake.usgs.gov/earthquakes/eventpage/us2000c239,
34,green,6.0,1000bkjh,https://earthquake.usgs.gov/fdsnws/event/1/query?eventid=us1000bkjh&format=geojson,1.732,123,66,POINT Z (-80.28230000000001 -0.4845 24.73),us1000bkjh,",us1000bkjh,",6.0,mww,6.31,us,,"19km NE of Bahia de Caraquez, Ecuador",1.24,628,",us,",reviewed,1512299946810,"M 6.0 - 19km NE of Bahia de Caraquez, Ecuador",0,earthquake,",dyfi,geoserve,losspager,moment-tensor,origin,phase-data,shakemap,",-300,1512442484983,https://earthquake.usgs.gov/earthquakes/eventpage/us1000bkjh,
35,,0.0,1000bkc4,https://earthquake.usgs.gov/fdsnws/event/1/query?eventid=us1000bkc4&format=geojson,1.357,0,73,POINT Z (-177.3177 -27.9935 47.73),us1000bkc4,",us1000bkc4,",5.1,mb,0.0,us,,"152km NNE of Raoul Island, New Zealand",0.94,400,",us,",reviewed,1512236944700,"M 5.1 - 152km NNE of Raoul Island, New Zealand",0,earthquake,",geoserve,origin,phase-data,",-720,1512490135040,https://earthquake.usgs.gov/earthquakes/eventpage/us1000bkc4,
36,,4.1,1000bk9a,https://earthquake.usgs.gov/fdsnws/event/1/query?eventid=us1000bk9a&format=geojson,5.499,6,57,POINT Z (57.3334 30.7607 10),us1000bk9a,",us1000bk9a,",5.1,mww,0.0,us,,"58km NNE of Kerman, Iran",0.69,403,",us,",reviewed,1512211624600,"M 5.1 - 58km NNE of Kerman, Iran",0,earthquake,",dyfi,geoserve,origin,phase-data,",210,1512217330565,https://earthquake.usgs.gov/earthquakes/eventpage/us1000bk9a,
37,,0.0,1000bjr7,https://earthquake.usgs.gov/fdsnws/event/1/query?eventid=us1000bjr7&format=geojson,17.657,0,52,POINT Z (106.7745 -48.7578 10),us1000bjr7,",us1000bjr7,",5.2,mb,0.0,us,,Southeast Indian Ridge,0.55,416,",us,",reviewed,1512105628490,M 5.2 - Southeast Indian Ridge,0,earthquake,",geoserve,moment-tensor,origin,phase-data,",420,1512226684040,https://earthquake.usgs.gov/earthquakes/eventpage/us1000bjr7,
38,,2.0,1000bjqw,https://earthquake.usgs.gov/fdsnws/event/1/query?eventid=us1000bjqw&format=geojson,0.548,1,109,POINT Z (168.6153 -21.4214 10),us1000bjqw,",us1000bjqw,",5.0,mb,0.0,us,,"77km E of Tadine, New Caledonia",1.05,385,",us,",reviewed,1512102698700,"M 5.0 - 77km E of Tadine, New Caledonia",0,earthquake,",dyfi,geoserve,origin,phase-data,",660,1512105359404,https://earthquake.usgs.gov/earthquakes/eventpage/us1000bjqw,
39,,4.3,1000bjq8,https://earthquake.usgs.gov/fdsnws/event/1/query?eventid=us1000bjq8&format=geojson,5.499,6,68,POINT Z (57.3728 30.7245 10),us1000bjq8,",us1000bjq8,",5.1,mb,0.0,us,,"56km NNE of Kerman, Iran",0.85,403,",us,",reviewed,1512099302010,"M 5.1 - 56km NNE of Kerman, Iran",0,earthquake,",dyfi,geoserve,moment-tensor,origin,phase-data,",210,1512172732395,https://earthquake.usgs.gov/earthquakes/eventpage/us1000bjq8,
40,green,3.8,1000bjph,https://earthquake.usgs.gov/fdsnws/event/1/query?eventid=us1000bjph&format=geojson,3.273,6,17,POINT Z (147.6011 -6.14 52.71),us1000bjph,",us1000bjph,",6.0,mwp,4.73,us,,"59km NNW of Finschhafen, Papua New Guinea",0.89,556,",us,",reviewed,1512096600560,"M 6.0 - 59km NNW of Finschhafen, Papua New Guinea",1,earthquake,",dyfi,geoserve,losspager,moment-tensor,origin,phase-data,shakemap,",600,1512107221040,https://earthquake.usgs.gov/earthquakes/eventpage/us1000bjph,
41,,0.0,1000bjp3,https://earthquake.usgs.gov/fdsnws/event/1/query?eventid=us1000bjp3&format=geojson,5.517,0,93,POINT Z (57.3616 30.7078 10),us1000bjp3,",us1000bjp3,",5.0,mb,0.0,us,,"54km NNE of Kerman, Iran",0.69,385,",us,",reviewed,1512096207950,"M 5.0 - 54km NNE of Kerman, Iran",0,earthquake,",geoserve,origin,phase-data,",210,1512125201046,https://earthquake.usgs.gov/earthquakes/eventpage/us1000bjp3,
42,green,4.9,1000bjnz,https://earthquake.usgs.gov/fdsnws/event/1/query?eventid=us1000bjnz&format=geojson,5.498,60,30,POINT Z (57.3306 30.7652 10),us1000bjnz,",us1000bjnz,",6.0,mww,7.21,us,,"58km NNE of Kerman, Iran",0.95,583,",us,",reviewed,1512095566470,"M 6.0 - 58km NNE of Kerman, Iran",0,earthquake,",dyfi,geoserve,losspager,moment-tensor,origin,phase-data,shakemap,",210,1512543482240,https://earthquake.usgs.gov/earthquakes/eventpage/us1000bjnz,
43,,0.0,1000bjne,https://earthquake.usgs.gov/fdsnws/event/1/query?eventid=us1000bjne&format=geojson,2.063,0,26,POINT Z (130.0953 -6.2889 128.53),us1000bjne,",us1000bjne,",5.0,mww,0.0,us,,"227km NW of Saumlaki, Indonesia",1.02,385,",us,",reviewed,1512086772100,"M 5.0 - 227km NW of Saumlaki, Indonesia",0,earthquake,",geoserve,origin,phase-data,",540,1512791068040,https://earthquake.usgs.gov/earthquakes/eventpage/us1000bjne,
44,,3.4,1000bjky,https://earthquake.usgs.gov/fdsnws/event/1/query?eventid=us1000bjky&format=geojson,8.667,12,65,POINT Z (28.7075 -2.6188 10),us1000bjky,",us1000bjky,",5.0,mww,0.0,us,,"20km SW of Bukavu, Democratic Republic of the Congo",0.62,389,",us,",reviewed,1512078515640,"M 5.0 - 20km SW of Bukavu, Democratic Republic of the Congo",0,earthquake,",dyfi,geoserve,moment-tensor,origin,phase-data,",120,1512788730926,https://earthquake.usgs.gov/earthquakes/eventpage/us1000bjky,
45,,0.0,1000bjg3,https://earthquake.usgs.gov/fdsnws/event/1/query?eventid=us1000bjg3&format=geojson,7.239,0,58,POINT Z (-173.9632 -20.88 10),us1000bjg3,",us1000bjg3,",5.0,mb,0.0,us,,"114km ENE of `Ohonua, Tonga",1.11,385,",us,",reviewed,1512064680960,"M 5.0 - 114km ENE of `Ohonua, Tonga",0,earthquake,",geoserve,origin,phase-data,",-720,1512091905040,https://earthquake.usgs.gov/earthquakes/eventpage/us1000bjg3,
46,,0.0,1000bjab,https://earthquake.usgs.gov/fdsnws/event/1/query?eventid=us1000bjab&format=geojson,9.268,0,51,POINT Z (-173.8116 -20.7242 10),us1000bjab,",us1000bjab,",5.4,mb,0.0,us,,"116km SSE of Pangai, Tonga",1.22,449,",us,",reviewed,1512042467380,"M 5.4 - 116km SSE of Pangai, Tonga",0,earthquake,",geoserve,moment-tensor,origin,phase-data,",-720,1512063954040,https://earthquake.usgs.gov/earthquakes/eventpage/us1000bjab,
47,green,0.0,1000bj7t,https://earthquake.usgs.gov/fdsnws/event/1/query?eventid=us1000bj7t&format=geojson,11.29,0,26,POINT Z (-23.4193 -1.105 10),us1000bj7t,",us1000bj7t,pt17334001,at00p07wur,",6.5,mww,0.0,us,,Central Mid-Atlantic Ridge,0.64,650,",us,pt,at,",reviewed,1512023570770,M 6.5 - Central Mid-Atlantic Ridge,1,earthquake,",geoserve,impact-link,losspager,moment-tensor,origin,phase-data,shakemap,",-120,1512079993660,https://earthquake.usgs.gov/earthquakes/eventpage/us1000bj7t,
48,green,4.3,1000bj76,https://earthquake.usgs.gov/fdsnws/event/1/query?eventid=us1000bj76&format=geojson,4.243,5,54,POINT Z (143.798 -4.3641 97.95),us1000bj76,",us1000bj76,",5.5,mww,4.02,us,,"44km SW of Angoram, Papua New Guinea",0.87,468,",us,",reviewed,1512021019170,"M 5.5 - 44km SW of Angoram, Papua New Guinea",1,earthquake,",dyfi,geoserve,losspager,moment-tensor,origin,phase-data,shakemap,",600,1512098508544,https://earthquake.usgs.gov/earthquakes/eventpage/us1000bj76,
49,green,3.1,1000bj4z,https://earthquake.usgs.gov/fdsnws/event/1/query?eventid=us1000bj4z&format=geojson,1.936,5,43,POINT Z (129.7762 -6.7628 160.32),us1000bj4z,",us1000bj4z,",5.5,mww,3.29,us,,"214km NW of Saumlaki, Indonesia",1.11,467,",us,",reviewed,1511999630590,"M 5.5 - 214km NW of Saumlaki, Indonesia",0,earthquake,",dyfi,geoserve,losspager,moment-tensor,origin,phase-data,shakemap,",540,1512063063040,https://earthquake.usgs.gov/earthquakes/eventpage/us1000bj4z,
50,,0.0,1000bj3n,https://earthquake.usgs.gov/fdsnws/event/1/query?eventid=us1000bj3n&format=geojson,2.84,0,95,POINT Z (146.28 45.189 10),us1000bj3n,",us1000bj3n,",5.4,mww,0.0,us,,"126km W of Kuril'sk, Russia",0.7,449,",us,",reviewed,1511994743050,"M 5.4 - 126km W of Kuril'sk, Russia",0,earthquake,",geoserve,moment-tensor,origin,phase-data,",600,1512000010040,https://earthquake.usgs.gov/earthquakes/eventpage/us1000bj3n,
51,green,5.0,2000bvsl,https://earthquake.usgs.gov/fdsnws/event/1/query?eventid=us2000bvsl&format=geojson,2.525,10,128,POINT Z (-76.3145 -14.4747 10),us2000bvsl,",us2000bvsl,",5.7,mww,4.15,us,,"67km S of Paracas, Peru",1.42,505,",us,",reviewed,1511936945580,"M 5.7 - 67km S of Paracas, Peru",0,earthquake,",dyfi,geoserve,losspager,moment-tensor,origin,phase-data,shakemap,",-300,1512062097040,https://earthquake.usgs.gov/earthquakes/eventpage/us2000bvsl,
52,,0.0,2000bvry,https://earthquake.usgs.gov/fdsnws/event/1/query?eventid=us2000bvry&format=geojson,33.441,0,88,POINT Z (-13.8373 -25.8213 9.73),us2000bvry,",us2000bvry,",5.0,mb,0.0,us,,Southern Mid-Atlantic Ridge,0.97,385,",us,",reviewed,1511926575080,M 5.0 - Southern Mid-Atlantic Ridge,0,earthquake,",geoserve,moment-tensor,origin,phase-data,",-60,1512062315040,https://earthquake.usgs.gov/earthquakes/eventpage/us2000bvry,
53,,0.0,2000bvfp,https://earthquake.usgs.gov/fdsnws/event/1/query?eventid=us2000bvfp&format=geojson,4.938,0,18,POINT Z (145.6514 18.4979 190.08),us2000bvfp,",us2000bvfp,",5.2,mb,0.0,us,,"29km S of Agrihan, Northern Mariana Islands",0.81,416,",us,",reviewed,1511890681040,"M 5.2 - 29km S of Agrihan, Northern Mariana Islands",0,earthquake,",geoserve,origin,phase-data,",600,1511988438040,https://earthquake.usgs.gov/earthquakes/eventpage/us2000bvfp,
54,green,0.0,2000bvcw,https://earthquake.usgs.gov/fdsnws/event/1/query?eventid=us2000bvcw&format=geojson,6.487,0,27,POINT Z (3.2746 72.5993 10),us2000bvcw,",us2000bvcw,",5.5,mww,0.0,us,,Norwegian Sea,0.67,465,",us,",reviewed,1511874945400,M 5.5 - Norwegian Sea,0,earthquake,",geoserve,losspager,moment-tensor,origin,phase-data,shakemap,",0,1513092930462,https://earthquake.usgs.gov/earthquakes/eventpage/us2000bvcw,
55,,4.1,2000bv8q,https://earthquake.usgs.gov/fdsnws/event/1/query?eventid=us2000bv8q&format=geojson,0.77,49,79,POINT Z (-79.9273 -2.0825 65.68000000000001),us2000bv8q,",us2000bv8q,",5.0,mb,0.0,us,,"9km NNW of Guayaquil, Ecuador",1.12,405,",us,",reviewed,1511834667000,"M 5.0 - 9km NNW of Guayaquil, Ecuador",0,earthquake,",dyfi,geoserve,origin,phase-data,",-300,1512094619177,https://earthquake.usgs.gov/earthquakes/eventpage/us2000bv8q,
56,,0.0,2000bv6c,https://earthquake.usgs.gov/fdsnws/event/1/query?eventid=us2000bv6c&format=geojson,6.267,0,57,POINT Z (-178.0482 -15.4867 404.22),us2000bv6c,",us2000bv6c,",5.0,mb,0.0,us,,"131km S of Sigave, Wallis and Futuna",0.89,385,",us,",reviewed,1511822780920,"M 5.0 - 131km S of Sigave, Wallis and Futuna",0,earthquake,",geoserve,origin,phase-data,",-720,1512614606040,https://earthquake.usgs.gov/earthquakes/eventpage/us2000bv6c,
57,green,3.6,17394411,https://earthquake.usgs.gov/fdsnws/event/1/query?eventid=ak17394411&format=geojson,0.0,1030,0,POINT Z (-147.4303 60.5552 16.6),ak17394411,",at00p03kmu,ak17394411,us2000bv5s,",5.3,ml,4.08,ak,,"72km ESE of Whittier, Alaska",0.86,792,",at,ak,us,",reviewed,1511821110467,"M 5.3 - 72km ESE of Whittier, Alaska",1,earthquake,",dyfi,geoserve,impact-link,losspager,moment-tensor,origin,phase-data,shakemap,",-540,1512637106824,https://earthquake.usgs.gov/earthquakes/eventpage/ak17394411,
58,,0.0,2000buw8,https://earthquake.usgs.gov/fdsnws/event/1/query?eventid=us2000buw8&format=geojson,6.312,0,62,POINT Z (-178.0991 -15.4745 394.46),us2000buw8,",us2000buw8,",5.1,mb,0.0,us,,"130km S of Sigave, Wallis and Futuna",1.06,400,",us,",reviewed,1511795713260,"M 5.1 - 130km S of Sigave, Wallis and Futuna",0,earthquake,",geoserve,origin,phase-data,",-720,1513024706040,https://earthquake.usgs.gov/earthquakes/eventpage/us2000buw8,
59,green,2.7,2000burc,https://earthquake.usgs.gov/fdsnws/event/1/query?eventid=us2000burc&format=geojson,1.126,3,63,POINT Z (153.2105 -4.6187 57.77),us2000burc,",us2000burc,",6.0,mww,4.38,us,,"25km SE of Taron, Papua New Guinea",0.85,555,",us,",reviewed,1511766672270,"M 6.0 - 25km SE of Taron, Papua New Guinea",1,earthquake,",dyfi,geoserve,losspager,moment-tensor,origin,phase-data,shakemap,",600,1511805808040,https://earthquake.usgs.gov/earthquakes/eventpage/us2000burc,
60,green,0.0,2000bubz,https://earthquake.usgs.gov/fdsnws/event/1/query?eventid=us2000bubz&format=geojson,4.321,0,65,POINT Z (172.5654 -20.6198 10.16),us2000bubz,",us2000bubz,",5.8,mww,3.04,us,,"204km NNE of Ile Hunter, New Caledonia",1.15,518,",us,",reviewed,1511631001610,"M 5.8 - 204km NNE of Ile Hunter, New Caledonia",0,earthquake,",geoserve,losspager,moment-tensor,origin,phase-data,shakemap,",720,1511815691040,https://earthquake.usgs.gov/earthquakes/eventpage/us2000bubz,
61,,0.0,2000bu9s,https://earthquake.usgs.gov/fdsnws/event/1/query?eventid=us2000bu9s&format=geojson,2.463,0,62,POINT Z (119.9654 -1.2283 17.94),us2000bu9s,",us2000bu9s,",5.0,mb,0.0,us,,"38km SSE of Palu, Indonesia",0.83,385,",us,",reviewed,1511601291140,"M 5.0 - 38km SSE of Palu, Indonesia",1,earthquake,",geoserve,origin,phase-data,",480,1511602447040,https://earthquake.usgs.gov/earthquakes/eventpage/us2000bu9s,
62,,4.1,2000bu6g,https://earthquake.usgs.gov/fdsnws/event/1/query?eventid=us2000bu6g&format=geojson,0.952,3,26,POINT Z (28.6266 37.0772 6.14),us2000bu6g,",us2000bu6g,",5.2,mww,0.0,us,,"18km E of Ula, Turkey",0.73,417,",us,",reviewed,1511560155290,"M 5.2 - 18km E of Ula, Turkey",0,earthquake,",dyfi,geoserve,moment-tensor,origin,phase-data,",120,1512366139401,https://earthquake.usgs.gov/earthquakes/eventpage/us2000bu6g,
63,green,2.0,2000btkn,https://earthquake.usgs.gov/fdsnws/event/1/query?eventid=us2000btkn&format=geojson,1.523,2,44,POINT Z (130.375 27.1448 10),us2000btkn,",us2000btkn,",5.5,mww,2.91,us,,"161km SSE of Naze, Japan",1.03,466,",us,",reviewed,1511460155740,"M 5.5 - 161km SSE of Naze, Japan",0,earthquake,",dyfi,geoserve,losspager,moment-tensor,origin,phase-data,shakemap,",540,1511815956040,https://earthquake.usgs.gov/earthquakes/eventpage/us2000btkn,
64,,0.0,2000btjy,https://earthquake.usgs.gov/fdsnws/event/1/query?eventid=us2000btjy&format=geojson,0.437,0,103,POINT Z (168.383 -21.1914 16.43),us2000btjy,",us2000btjy,",5.1,mww,0.0,us,,"65km NE of Tadine, New Caledonia",1.03,400,",us,",reviewed,1511451911420,"M 5.1 - 65km NE of Tadine, New Caledonia",0,earthquake,",geoserve,moment-tensor,origin,phase-data,",660,1511622572040,https://earthquake.usgs.gov/earthquakes/eventpage/us2000btjy,
65,,3.8,2000btg4,https://earthquake.usgs.gov/fdsnws/event/1/query?eventid=us2000btg4&format=geojson,8.905,1,40,POINT Z (108.1037 29.3616 10),us2000btg4,",us2000btg4,",5.1,mb,0.0,us,,"78km ESE of Fuling, China",1.11,401,",us,",reviewed,1511430214780,"M 5.1 - 78km ESE of Fuling, China",0,earthquake,",dyfi,geoserve,origin,phase-data,",480,1511435529077,https://earthquake.usgs.gov/earthquakes/eventpage/us2000btg4,
66,,2.0,2000bt6a,https://earthquake.usgs.gov/fdsnws/event/1/query?eventid=us2000bt6a&format=geojson,0.916,1,48,POINT Z (28.6237 37.038 10),us2000bt6a,",us2000bt6a,",5.0,mww,0.0,us,,"19km ESE of Ula, Turkey",0.83,385,",us,",reviewed,1511382173470,"M 5.0 - 19km ESE of Ula, Turkey",0,earthquake,",dyfi,geoserve,origin,phase-data,",120,1511421904310,https://earthquake.usgs.gov/earthquakes/eventpage/us2000bt6a,
67,,4.6,2000bsu1,https://earthquake.usgs.gov/fdsnws/event/1/query?eventid=us2000bsu1&format=geojson,0.255,90,40,POINT Z (120.7357 23.5374 16.47),us2000bsu1,",us2000bsu1,",5.1,mww,0.0,us,,"23km S of Lugu, Taiwan",0.97,442,",us,",reviewed,1511360410280,"M 5.1 - 23km S of Lugu, Taiwan",0,earthquake,",dyfi,geoserve,moment-tensor,origin,phase-data,",480,1512913769977,https://earthquake.usgs.gov/earthquakes/eventpage/us2000bsu1,
68,,2.0,2000bsrh,https://earthquake.usgs.gov/fdsnws/event/1/query?eventid=us2000bsrh&format=geojson,1.215,3,70,POINT Z (177.5204 -36.5205 22.77),us2000bsrh,",us2000bsrh,",5.2,mb,0.0,us,,"158km ENE of Tairua, New Zealand",1.14,417,",us,",reviewed,1511336578800,"M 5.2 - 158km ENE of Tairua, New Zealand",0,earthquake,",dyfi,geoserve,moment-tensor,origin,phase-data,",720,1511826992055,https://earthquake.usgs.gov/earthquakes/eventpage/us2000bsrh,
69,,0.0,2000bsmy,https://earthquake.usgs.gov/fdsnws/event/1/query?eventid=us2000bsmy&format=geojson,2.207,0,26,POINT Z (124.4387 0.4157 88.65000000000001),us2000bsmy,",us2000bsmy,",5.3,mb,0.0,us,,"29km SSE of Lolayan, Indonesia",1.16,432,",us,",reviewed,1511313081660,"M 5.3 - 29km SSE of Lolayan, Indonesia",1,earthquake,",geoserve,origin,phase-data,",480,1512524471040,https://earthquake.usgs.gov/earthquakes/eventpage/us2000bsmy,
70,,0.0,2000bsfd,https://earthquake.usgs.gov/fdsnws/event/1/query?eventid=us2000bsfd&format=geojson,0.663,0,88,POINT Z (168.7068 -21.2718 10),us2000bsfd,",us2000bsfd,",5.2,mww,0.0,us,,"90km ENE of Tadine, New Caledonia",1.18,416,",us,",reviewed,1511288618390,"M 5.2 - 90km ENE of Tadine, New Caledonia",0,earthquake,",geoserve,moment-tensor,origin,phase-data,",660,1511300781040,https://earthquake.usgs.gov/earthquakes/eventpage/us2000bsfd,
71,,0.0,2000bsc3,https://earthquake.usgs.gov/fdsnws/event/1/query?eventid=us2000bsc3&format=geojson,0.595,0,92,POINT Z (168.6568 -21.3624 10),us2000bsc3,",us2000bsc3,",5.2,mww,0.0,us,,"82km ENE of Tadine, New Caledonia",0.92,416,",us,",reviewed,1511280049080,"M 5.2 - 82km ENE of Tadine, New Caledonia",0,earthquake,",geoserve,moment-tensor,origin,phase-data,",660,1512940379040,https://earthquake.usgs.gov/earthquakes/eventpage/us2000bsc3,
72,,0.0,2000bsb7,https://earthquake.usgs.gov/fdsnws/event/1/query?eventid=us2000bsb7&format=geojson,12.756,0,45,POINT Z (-40.5329 9.427300000000001 10),us2000bsb7,",us2000bsb7,",5.1,mb,0.0,us,,Central Mid-Atlantic Ridge,1.05,400,",us,",reviewed,1511276176790,M 5.1 - Central Mid-Atlantic Ridge,0,earthquake,",geoserve,origin,phase-data,",-180,1512938690040,https://earthquake.usgs.gov/earthquakes/eventpage/us2000bsb7,
73,,0.0,2000bs6u,https://earthquake.usgs.gov/fdsnws/event/1/query?eventid=us2000bs6u&format=geojson,1.908,0,140,POINT Z (-93.6643 14.4772 43.09),us2000bs6u,",us2000bs6u,",5.3,mww,0.0,us,,"133km SW of Mapastepec, Mexico",1.15,432,",us,",reviewed,1511237595590,"M 5.3 - 133km SW of Mapastepec, Mexico",0,earthquake,",geoserve,moment-tensor,origin,phase-data,",-360,1511299783040,https://earthquake.usgs.gov/earthquakes/eventpage/us2000bs6u,
74,,0.0,2000bs5i,https://earthquake.usgs.gov/fdsnws/event/1/query?eventid=us2000bs5i&format=geojson,10.515,0,97,POINT Z (139.4926 -51.996 10),us2000bs5i,",us2000bs5i,",5.4,mb,0.0,us,,Western Indian-Antarctic Ridge,1.09,449,",us,",reviewed,1511226275350,M 5.4 - Western Indian-Antarctic Ridge,0,earthquake,",geoserve,moment-tensor,origin,phase-data,",540,1511297936040,https://earthquake.usgs.gov/earthquakes/eventpage/us2000bs5i,
75,,0.0,2000bs4e,https://earthquake.usgs.gov/fdsnws/event/1/query?eventid=us2000bs4e&format=geojson,0.598,0,29,POINT Z (96.9813 1.3731 17.44),us2000bs4e,",us2000bs4e,",5.1,mww,0.0,us,,"139km SSE of Sinabang, Indonesia",0.83,400,",us,",reviewed,1511221316280,"M 5.1 - 139km SSE of Sinabang, Indonesia",1,earthquake,",geoserve,moment-tensor,origin,phase-data,",420,1512260642040,https://earthquake.usgs.gov/earthquakes/eventpage/us2000bs4e,
76,green,3.1,2000brz0,https://earthquake.usgs.gov/fdsnws/event/1/query?eventid=us2000brz0&format=geojson,3.232,2,42,POINT Z (-175.0271 -14.6374 6),us2000brz0,",pt17324001,us2000brz0,",6.0,mww,3.71,us,,"194km SE of Mata-Utu, Wallis and Futuna",1.64,554,",pt,us,",reviewed,1511203867360,"M 6.0 - 194km SE of Mata-Utu, Wallis and Futuna",0,earthquake,",dyfi,geoserve,losspager,moment-tensor,origin,phase-data,shakemap,",-720,1511220083334,https://earthquake.usgs.gov/earthquakes/eventpage/us2000brz0,
77,,4.1,2000bruq,https://earthquake.usgs.gov/fdsnws/event/1/query?eventid=us2000bruq&format=geojson,2.325,11,64,POINT Z (46.3892 32.8531 35),us2000bruq,",us2000bruq,",5.1,mb,0.0,us,,"36km SE of Mehran, Iran",0.91,405,",us,",reviewed,1511191422720,"M 5.1 - 36km SE of Mehran, Iran",0,earthquake,",dyfi,geoserve,origin,phase-data,",180,1513002479803,https://earthquake.usgs.gov/earthquakes/eventpage/us2000bruq,
78,,0.0,2000bs68,https://earthquake.usgs.gov/fdsnws/event/1/query?eventid=us2000bs68&format=geojson,9.581,0,108,POINT Z (-110.5472 -36.7233 10),us2000bs68,",us2000bs68,",5.3,mww,0.0,us,,Southern East Pacific Rise,0.64,432,",us,",reviewed,1511155222100,M 5.3 - Southern East Pacific Rise,0,earthquake,",geoserve,moment-tensor,origin,phase-data,",-420,1512904381040,https://earthquake.usgs.gov/earthquakes/eventpage/us2000bs68,
79,,0.0,2000brnv,https://earthquake.usgs.gov/fdsnws/event/1/query?eventid=us2000brnv&format=geojson,0.596,0,102,POINT Z (168.6353 -21.2836 10),us2000brnv,",us2000brnv,",5.1,mb,0.0,us,,"83km ENE of Tadine, New Caledonia",0.98,400,",us,",reviewed,1511144455830,"M 5.1 - 83km ENE of Tadine, New Caledonia",0,earthquake,",geoserve,origin,phase-data,",660,1512350953040,https://earthquake.usgs.gov/earthquakes/eventpage/us2000brnv,
80,green,3.8,2000brnd,https://earthquake.usgs.gov/fdsnws/event/1/query?eventid=us2000brnd&format=geojson,0.738,1,22,POINT Z (168.8229 -21.5115 10),us2000brnd,",us2000brnd,",6.0,mww,4.1,us,,"97km E of Tadine, New Caledonia",0.98,554,",us,",reviewed,1511136563670,"M 6.0 - 97km E of Tadine, New Caledonia",0,earthquake,",dyfi,geoserve,losspager,moment-tensor,origin,phase-data,shakemap,",660,1512259784366,https://earthquake.usgs.gov/earthquakes/eventpage/us2000brnd,
81,,0.0,2000brmf,https://earthquake.usgs.gov/fdsnws/event/1/query?eventid=us2000brmf&format=geojson,0.607,0,46,POINT Z (168.681 -21.5242 10),us2000brmf,",us2000brmf,",5.0,mb,0.0,us,,"82km E of Tadine, New Caledonia",0.81,385,",us,",reviewed,1511133885510,"M 5.0 - 82km E of Tadine, New Caledonia",0,earthquake,",geoserve,origin,phase-data,",660,1512258981040,https://earthquake.usgs.gov/earthquakes/eventpage/us2000brmf,
82,,0.0,2000brls,https://earthquake.usgs.gov/fdsnws/event/1/query?eventid=us2000brls&format=geojson,1.328,0,134,POINT Z (168.5135 -21.3731 10),us2000brls,",us2000brls,",5.1,mb,0.0,us,,"68km ENE of Tadine, New Caledonia",0.8,400,",us,",reviewed,1511132339130,"M 5.1 - 68km ENE of Tadine, New Caledonia",0,earthquake,",geoserve,origin,phase-data,",660,1511132959040,https://earthquake.usgs.gov/earthquakes/eventpage/us2000brls,
83,green,3.8,2000brlf,https://earthquake.usgs.gov/fdsnws/event/1/query?eventid=us2000brlf&format=geojson,0.625,44,14,POINT Z (168.683 -21.3337 10),us2000brlf,",at00ozosgj,us2000brlf,pt17323002,",7.0,mww,6.47,us,,"86km ENE of Tadine, New Caledonia",0.64,771,",at,us,pt,",reviewed,1511131409230,"M 7.0 - 86km ENE of Tadine, New Caledonia",1,earthquake,",dyfi,general-text,geoserve,impact-link,losspager,moment-tensor,origin,phase-data,poster,shakemap,",660,1511318091535,https://earthquake.usgs.gov/earthquakes/eventpage/us2000brlf,
84,,0.0,2000brjb,https://earthquake.usgs.gov/fdsnws/event/1/query?eventid=us2000brjb&format=geojson,0.566,0,112,POINT Z (168.619 -21.624 7.42),us2000brjb,",us2000brjb,",5.3,mww,0.0,us,,"76km E of Tadine, New Caledonia",1.03,432,",us,",reviewed,1511120063690,"M 5.3 - 76km E of Tadine, New Caledonia",0,earthquake,",geoserve,moment-tensor,origin,phase-data,",660,1511212940040,https://earthquake.usgs.gov/earthquakes/eventpage/us2000brjb,
85,,0.0,2000brja,https://earthquake.usgs.gov/fdsnws/event/1/query?eventid=us2000brja&format=geojson,0.393,0,105,POINT Z (168.4516 -21.5153 18.51),us2000brja,",us2000brja,",5.3,mb,0.0,us,,"58km E of Tadine, New Caledonia",0.61,432,",us,",reviewed,1511120008070,"M 5.3 - 58km E of Tadine, New Caledonia",0,earthquake,",geoserve,origin,phase-data,",660,1511121488040,https://earthquake.usgs.gov/earthquakes/eventpage/us2000brja,
86,,0.0,2000brhs,https://earthquake.usgs.gov/fdsnws/event/1/query?eventid=us2000brhs&format=geojson,2.605,0,57,POINT Z (129.6407 -2.9721 34.27),us2000brhs,",us2000brhs,",5.0,mb,0.0,us,,"89km ENE of Amahai, Indonesia",0.86,385,",us,",reviewed,1511112871130,"M 5.0 - 89km ENE of Amahai, Indonesia",1,earthquake,",geoserve,origin,phase-data,",540,1511113903040,https://earthquake.usgs.gov/earthquakes/eventpage/us2000brhs,
87,,0.0,2000bvie,https://earthquake.usgs.gov/fdsnws/event/1/query?eventid=us2000bvie&format=geojson,0.774,0,91,POINT Z (168.77 -21.8377 10),us2000bvie,",us2000bvie,",5.1,mb,0.0,us,,"97km ESE of Tadine, New Caledonia",0.58,400,",us,",reviewed,1511107772690,"M 5.1 - 97km ESE of Tadine, New Caledonia",0,earthquake,",geoserve,origin,phase-data,",660,1512399163040,https://earthquake.usgs.gov/earthquakes/eventpage/us2000bvie,
88,green,0.0,2000brh4,https://earthquake.usgs.gov/fdsnws/event/1/query?eventid=us2000brh4&format=geojson,0.585,0,40,POINT Z (168.5843 -21.2029 5.94),us2000brh4,",us2000brh4,",5.9,mww,4.29,us,,"82km ENE of Tadine, New Caledonia",0.97,536,",us,",reviewed,1511107685850,"M 5.9 - 82km ENE of Tadine, New Caledonia",0,earthquake,",geoserve,losspager,moment-tensor,origin,phase-data,shakemap,",660,1512337547796,https://earthquake.usgs.gov/earthquakes/eventpage/us2000brh4,
89,,0.0,2000bvhn,https://earthquake.usgs.gov/fdsnws/event/1/query?eventid=us2000bvhn&format=geojson,0.547,0,69,POINT Z (168.6138 -21.4112 10),us2000bvhn,",us2000bvhn,",5.3,mb,0.0,us,,"77km ENE of Tadine, New Caledonia",1.37,432,",us,",reviewed,1511107628700,"M 5.3 - 77km ENE of Tadine, New Caledonia",0,earthquake,",geoserve,origin,phase-data,",660,1512337042040,https://earthquake.usgs.gov/earthquakes/eventpage/us2000bvhn,
90,,0.0,2000bvhi,https://earthquake.usgs.gov/fdsnws/event/1/query?eventid=us2000bvhi&format=geojson,0.509,0,150,POINT Z (168.5748 -21.5306 6.04),us2000bvhi,",us2000bvhi,",5.0,mb,0.0,us,,"71km E of Tadine, New Caledonia",0.77,385,",us,",reviewed,1511104790420,"M 5.0 - 71km E of Tadine, New Caledonia",0,earthquake,",geoserve,origin,phase-data,",660,1511987464040,https://earthquake.usgs.gov/earthquakes/eventpage/us2000bvhi,
91,,0.0,2000bvh1,https://earthquake.usgs.gov/fdsnws/event/1/query?eventid=us2000bvh1&format=geojson,0.532,0,73,POINT Z (168.6 -21.4391 10),us2000bvh1,",us2000bvh1,",5.1,mb,0.0,us,,"75km E of Tadine, New Caledonia",1.43,400,",us,",reviewed,1511104621720,"M 5.1 - 75km E of Tadine, New Caledonia",0,earthquake,",geoserve,origin,phase-data,",660,1511985891040,https://earthquake.usgs.gov/earthquakes/eventpage/us2000bvh1,
92,,0.0,2000bvhg,https://earthquake.usgs.gov/fdsnws/event/1/query?eventid=us2000bvhg&format=geojson,0.641,0,185,POINT Z (168.7111 -21.5805 6.88),us2000bvhg,",us2000bvhg,",5.0,mb,0.0,us,,"85km E of Tadine, New Caledonia",0.62,385,",us,",reviewed,1511104586710,"M 5.0 - 85km E of Tadine, New Caledonia",0,earthquake,",geoserve,origin,phase-data,",660,1511980037040,https://earthquake.usgs.gov/earthquakes/eventpage/us2000bvhg,
93,green,3.8,2000brgk,https://earthquake.usgs.gov/fdsnws/event/1/query?eventid=us2000brgk&format=geojson,0.507,16,21,POINT Z (168.5743 -21.5112 16.51),us2000brgk,",at00ozo7f5,us2000brgk,pt17323001,",6.6,mww,6.01,us,,"71km E of Tadine, New Caledonia",0.86,676,",at,us,pt,",reviewed,1511104143420,"M 6.6 - 71km E of Tadine, New Caledonia",1,earthquake,",dyfi,geoserve,impact-link,losspager,moment-tensor,origin,phase-data,shakemap,",660,1511979133199,https://earthquake.usgs.gov/earthquakes/eventpage/us2000brgk,
94,,0.0,2000brdx,https://earthquake.usgs.gov/fdsnws/event/1/query?eventid=us2000brdx&format=geojson,0.551,0,90,POINT Z (168.5502 -21.7476 10),us2000brdx,",us2000brdx,",5.0,mww,0.0,us,,"72km ESE of Tadine, New Caledonia",1.07,385,",us,",reviewed,1511091374670,"M 5.0 - 72km ESE of Tadine, New Caledonia",0,earthquake,",geoserve,moment-tensor,origin,phase-data,",660,1512225132040,https://earthquake.usgs.gov/earthquakes/eventpage/us2000brdx,
95,,0.0,2000brds,https://earthquake.usgs.gov/fdsnws/event/1/query?eventid=us2000brds&format=geojson,0.591,0,53,POINT Z (168.6315 -21.6728 10),us2000brds,",us2000brds,",5.3,mww,0.0,us,,"78km E of Tadine, New Caledonia",1.19,432,",us,",reviewed,1511090865660,"M 5.3 - 78km E of Tadine, New Caledonia",0,earthquake,",geoserve,moment-tensor,origin,phase-data,",660,1512224903040,https://earthquake.usgs.gov/earthquakes/eventpage/us2000brds,
96,,0.0,2000bvik,https://earthquake.usgs.gov/fdsnws/event/1/query?eventid=us2000bvik&format=geojson,4.334,0,135,POINT Z (-173.1998 -22.1561 10),us2000bvik,",us2000bvik,",5.0,mb,0.0,us,,"202km ESE of `Ohonua, Tonga",1.04,385,",us,",reviewed,1511087685950,"M 5.0 - 202km ESE of `Ohonua, Tonga",0,earthquake,",geoserve,origin,phase-data,",-720,1512120766040,https://earthquake.usgs.gov/earthquakes/eventpage/us2000bvik,
97,,0.0,2000brd7,https://earthquake.usgs.gov/fdsnws/event/1/query?eventid=us2000brd7&format=geojson,0.597,0,166,POINT Z (167.91 -22.1945 5.02),us2000brd7,",us2000brd7,",5.0,mb,0.0,us,,"68km NE of Vao, New Caledonia",0.42,385,",us,",reviewed,1511085732380,"M 5.0 - 68km NE of Vao, New Caledonia",0,earthquake,",geoserve,origin,phase-data,",660,1512118155040,https://earthquake.usgs.gov/earthquakes/eventpage/us2000brd7,
98,,2.0,2000brc6,https://earthquake.usgs.gov/fdsnws/event/1/query?eventid=us2000brc6&format=geojson,0.596,1,91,POINT Z (168.6331 -21.6841 10),us2000brc6,",us2000brc6,",5.4,mww,0.0,us,,"79km E of Tadine, New Caledonia",0.89,449,",us,",reviewed,1511085362200,"M 5.4 - 79km E of Tadine, New Caledonia",0,earthquake,",dyfi,geoserve,moment-tensor,origin,phase-data,",660,1512117537350,https://earthquake.usgs.gov/earthquakes/eventpage/us2000brc6,
99,green,5.0,2000brbk,https://earthquake.usgs.gov/fdsnws/event/1/query?eventid=us2000brbk&format=geojson,0.646,29,22,POINT Z (168.6995 -21.654 4),us2000brbk,",at00oznrj1,us2000brbk,pt17323000,",6.3,mww,4.8,us,,"85km E of Tadine, New Caledonia",1.25,625,",at,us,pt,",reviewed,1511083547020,"M 6.3 - 85km E of Tadine, New Caledonia",1,earthquake,",dyfi,geoserve,impact-link,losspager,moment-tensor,origin,phase-data,shakemap,",660,1512114707258,https://earthquake.usgs.gov/earthquakes/eventpage/us2000brbk,
100,,0.0,2000br4g,https://earthquake.usgs.gov/fdsnws/event/1/query?eventid=us2000br4g&format=geojson,1.718,0,70,POINT Z (128.1321 2.321 21.71),us2000br4g,",us2000br4g,",5.0,mb,0.0,us,,"66km NNE of Tobelo, Indonesia",0.81,385,",us,",reviewed,1511032385270,"M 5.0 - 66km NNE of Tobelo, Indonesia",1,earthquake,",geoserve,origin,phase-data,",540,1512716189040,https://earthquake.usgs.gov/earthquakes/eventpage/us2000br4g,
101,green,0.0,2000br3s,https://earthquake.usgs.gov/fdsnws/event/1/query?eventid=us2000br3s&format=geojson,1.78,0,34,POINT Z (128.1426 2.3847 16.47),us2000br3s,",us2000br3s,",5.4,mww,5.42,us,,"74km NNE of Tobelo, Indonesia",0.85,449,",us,",reviewed,1511030201610,"M 5.4 - 74km NNE of Tobelo, Indonesia",1,earthquake,",geoserve,losspager,moment-tensor,origin,phase-data,shakemap,",540,1511897771534,https://earthquake.usgs.gov/earthquakes/eventpage/us2000br3s,
102,,3.4,2000br2b,https://earthquake.usgs.gov/fdsnws/event/1/query?eventid=us2000br2b&format=geojson,2.108,2,87,POINT Z (-93.87569999999999 15.2077 48.65),us2000br2b,",us2000br2b,",5.2,mb,0.0,us,,"81km SSW of Tres Picos, Mexico",0.88,417,",us,",reviewed,1511024844850,"M 5.2 - 81km SSW of Tres Picos, Mexico",0,earthquake,",dyfi,geoserve,origin,phase-data,",-360,1511892779103,https://earthquake.usgs.gov/earthquakes/eventpage/us2000br2b,
103,green,0.0,2000br1i,https://earthquake.usgs.gov/fdsnws/event/1/query?eventid=us2000br1i&format=geojson,1.777,0,69,POINT Z (128.1436 2.3816 20.3),us2000br1i,",us2000br1i,",5.9,mww,6.11,us,,"73km NNE of Tobelo, Indonesia",1.27,536,",us,",reviewed,1511021222260,"M 5.9 - 73km NNE of Tobelo, Indonesia",1,earthquake,",geoserve,losspager,moment-tensor,origin,phase-data,shakemap,",540,1511028627458,https://earthquake.usgs.gov/earthquakes/eventpage/us2000br1i,
104,,0.0,2000bqzj,https://earthquake.usgs.gov/fdsnws/event/1/query?eventid=us2000bqzj&format=geojson,1.586,0,66,POINT Z (143.7332 12.4454 10),us2000bqzj,",us2000bqzj,",5.1,mb,0.0,us,,"136km SW of Merizo Village, Guam",1.22,400,",us,",reviewed,1511010141780,"M 5.1 - 136km SW of Merizo Village, Guam",0,earthquake,",geoserve,origin,phase-data,",600,1511012962040,https://earthquake.usgs.gov/earthquakes/eventpage/us2000bqzj,
105,green,5.4,2000bqvz,https://earthquake.usgs.gov/fdsnws/event/1/query?eventid=us2000bqvz&format=geojson,0.671,76,59,POINT Z (-79.708 -2.9674 35),us2000bqvz,",us2000bqvz,",5.5,mww,4.39,us,,"13km ESE of Balao, Ecuador",1.13,506,",us,",reviewed,1510979026820,"M 5.5 - 13km ESE of Balao, Ecuador",0,earthquake,",dyfi,geoserve,losspager,moment-tensor,origin,phase-data,shakemap,",-300,1512616337051,https://earthquake.usgs.gov/earthquakes/eventpage/us2000bqvz,
106,,2.0,2000bqtu,https://earthquake.usgs.gov/fdsnws/event/1/query?eventid=us2000bqtu&format=geojson,3.273,1,23,POINT Z (94.8843 29.9311 10),us2000bqtu,",us2000bqtu,",5.1,mb,0.0,us,,"63km NE of Nyingchi, China",0.73,400,",us,",reviewed,1510965121910,"M 5.1 - 63km NE of Nyingchi, China",0,earthquake,",dyfi,geoserve,origin,phase-data,",480,1511151153589,https://earthquake.usgs.gov/earthquakes/eventpage/us2000bqtu,
107,green,8.6,2000bqsn,https://earthquake.usgs.gov/fdsnws/event/1/query?eventid=us2000bqsn&format=geojson,3.35,24,13,POINT Z (94.9776 29.8327 8),us2000bqsn,",us2000bqsn,",6.4,mww,6.82,us,,"63km ENE of Nyingchi, China",0.67,651,",us,",reviewed,1510958059500,"M 6.4 - 63km ENE of Nyingchi, China",0,earthquake,",dyfi,geoserve,impact-text,losspager,moment-tensor,origin,phase-data,shakemap,",480,1511149786327,https://earthquake.usgs.gov/earthquakes/eventpage/us2000bqsn,
108,,2.5,2000bqf7,https://earthquake.usgs.gov/fdsnws/event/1/query?eventid=us2000bqf7&format=geojson,0.143,1,77,POINT Z (-69.2205 -19.8109 106.05),us2000bqf7,",us2000bqf7,",5.0,mww,0.0,us,,"106km ENE of Iquique, Chile",1.11,385,",us,",reviewed,1510937146450,"M 5.0 - 106km ENE of Iquique, Chile",0,earthquake,",dyfi,geoserve,moment-tensor,origin,phase-data,",-240,1510959158628,https://earthquake.usgs.gov/earthquakes/eventpage/us2000bqf7,
109,,4.6,2000bqc4,https://earthquake.usgs.gov/fdsnws/event/1/query?eventid=us2000bqc4&format=geojson,0.562,111,31,POINT Z (-79.8202 -2.4428 78.05),us2000bqc4,",us2000bqc4,",5.4,mww,0.0,us,,"26km S of Duran, Ecuador",0.96,500,",us,",reviewed,1510926041310,"M 5.4 - 26km S of Duran, Ecuador",0,earthquake,",dyfi,geoserve,moment-tensor,origin,phase-data,",-300,1511861241199,https://earthquake.usgs.gov/earthquakes/eventpage/us2000bqc4,
110,,2.2,2000bq6z,https://earthquake.usgs.gov/fdsnws/event/1/query?eventid=us2000bq6z&format=geojson,1.139,2,78,POINT Z (-177.9229 -30.3886 10),us2000bq6z,",us2000bq6z,",5.3,mb,0.0,us,,"124km S of Raoul Island, New Zealand",0.86,433,",us,",reviewed,1510896354120,"M 5.3 - 124km S of Raoul Island, New Zealand",0,earthquake,",dyfi,geoserve,origin,phase-data,",-720,1512654609949,https://earthquake.usgs.gov/earthquakes/eventpage/us2000bq6z,
111,,0.0,2000bq6u,https://earthquake.usgs.gov/fdsnws/event/1/query?eventid=us2000bq6u&format=geojson,3.338,0,65,POINT Z (128.9339 -2.4942 10),us2000bq6u,",us2000bq6u,",5.0,mb,0.0,us,,"64km NE of Taniwel, Indonesia",1.18,385,",us,",reviewed,1510895673400,"M 5.0 - 64km NE of Taniwel, Indonesia",1,earthquake,",geoserve,origin,phase-data,",540,1512653613040,https://earthquake.usgs.gov/earthquakes/eventpage/us2000bq6u,
112,,3.4,2000bq34,https://earthquake.usgs.gov/fdsnws/event/1/query?eventid=us2000bq34&format=geojson,0.811,10,110,POINT Z (141.4163 37.2273 40.12),us2000bq34,",us2000bq34,",5.0,mb,0.0,us,,"46km SE of Namie, Japan",0.68,388,",us,",reviewed,1510880567850,"M 5.0 - 46km SE of Namie, Japan",0,earthquake,",dyfi,geoserve,origin,phase-data,",540,1512521123363,https://earthquake.usgs.gov/earthquakes/eventpage/us2000bq34,
113,,0.0,2000bpxs,https://earthquake.usgs.gov/fdsnws/event/1/query?eventid=us2000bpxs&format=geojson,3.697,0,64,POINT Z (-82.5141 4.8687 10),us2000bpxs,",us2000bpxs,",5.2,mww,0.0,us,,South of Panama,1.41,416,",us,",reviewed,1510863504630,M 5.2 - South of Panama,0,earthquake,",geoserve,moment-tensor,origin,phase-data,",-360,1513124609040,https://earthquake.usgs.gov/earthquakes/eventpage/us2000bpxs,
114,,0.0,2000bpsa,https://earthquake.usgs.gov/fdsnws/event/1/query?eventid=us2000bpsa&format=geojson,4.257,0,89,POINT Z (-62.9072 -58.548 10),us2000bpsa,",us2000bpsa,",5.3,mww,0.0,us,,Drake Passage,0.69,432,",us,",reviewed,1510847504350,M 5.3 - Drake Passage,0,earthquake,",geoserve,moment-tensor,origin,phase-data,",-240,1510938560040,https://earthquake.usgs.gov/earthquakes/eventpage/us2000bpsa,
115,green,2.9,2000bpre,https://earthquake.usgs.gov/fdsnws/event/1/query?eventid=us2000bpre&format=geojson,1.161,1,100,POINT Z (160.9332 -10.0797 10),us2000bpre,",us2000bpre,",5.6,mb,4.44,us,,"115km WNW of Kirakira, Solomon Islands",1.34,483,",us,",reviewed,1510843804160,"M 5.6 - 115km WNW of Kirakira, Solomon Islands",0,earthquake,",dyfi,geoserve,losspager,moment-tensor,origin,phase-data,shakemap,",660,1510879580040,https://earthquake.usgs.gov/earthquakes/eventpage/us2000bpre,
116,green,2.8,2000bpkq,https://earthquake.usgs.gov/fdsnws/event/1/query?eventid=us2000bpkq&format=geojson,1.114,50,29,POINT Z (140.5468 32.1859 70.95),us2000bpkq,",us2000bpkq,",5.8,mww,3.67,us,,"121km SE of Hachijo-jima, Japan",1.36,532,",us,",reviewed,1510825415480,"M 5.8 - 121km SE of Hachijo-jima, Japan",0,earthquake,",dyfi,geoserve,losspager,moment-tensor,origin,phase-data,shakemap,",540,1510903282489,https://earthquake.usgs.gov/earthquakes/eventpage/us2000bpkq,
117,,0.0,2000bpij,https://earthquake.usgs.gov/fdsnws/event/1/query?eventid=us2000bpij&format=geojson,0.589,0,90,POINT Z (168.6607 -21.5312 10),us2000bpij,",us2000bpij,",5.3,mww,0.0,us,,"80km E of Tadine, New Caledonia",0.47,432,",us,",reviewed,1510817840490,"M 5.3 - 80km E of Tadine, New Caledonia",0,earthquake,",geoserve,moment-tensor,origin,phase-data,",660,1512564178040,https://earthquake.usgs.gov/earthquakes/eventpage/us2000bpij,
118,green,0.0,2000bphz,https://earthquake.usgs.gov/fdsnws/event/1/query?eventid=us2000bphz&format=geojson,0.588,0,108,POINT Z (168.6622 -21.4884 10),us2000bphz,",us2000bphz,",5.4,mb,3.84,us,,"80km E of Tadine, New Caledonia",0.57,449,",us,",reviewed,1510815837400,"M 5.4 - 80km E of Tadine, New Caledonia",0,earthquake,",geoserve,losspager,origin,phase-data,shakemap,",660,1512550782921,https://earthquake.usgs.gov/earthquakes/eventpage/us2000bphz,
119,green,4.2,2000bphs,https://earthquake.usgs.gov/fdsnws/event/1/query?eventid=us2000bphs&format=geojson,0.45,5,67,POINT Z (168.5096 -21.5423 10),us2000bphs,",us2000bphs,",5.9,mww,4.84,us,,"64km E of Tadine, New Caledonia",0.84,538,",us,",reviewed,1510815758130,"M 5.9 - 64km E of Tadine, New Caledonia",0,earthquake,",dyfi,geoserve,losspager,moment-tensor,origin,phase-data,shakemap,",660,1512550401540,https://earthquake.usgs.gov/earthquakes/eventpage/us2000bphs,
120,,0.0,2000bpeg,https://earthquake.usgs.gov/fdsnws/event/1/query?eventid=us2000bpeg&format=geojson,0.427,0,124,POINT Z (168.4774 -21.5795 11.72),us2000bpeg,",us2000bpeg,",5.3,mb,0.0,us,,"61km E of Tadine, New Caledonia",0.9,432,",us,",reviewed,1510802940700,"M 5.3 - 61km E of Tadine, New Caledonia",0,earthquake,",geoserve,moment-tensor,origin,phase-data,",660,1510850571040,https://earthquake.usgs.gov/earthquakes/eventpage/us2000bpeg,
121,,0.0,2000bp7k,https://earthquake.usgs.gov/fdsnws/event/1/query?eventid=us2000bp7k&format=geojson,0.6,0,92,POINT Z (168.6733 -21.4373 12.51),us2000bp7k,",us2000bp7k,",5.0,mb,0.0,us,,"82km E of Tadine, New Caledonia",0.66,385,",us,",reviewed,1510782176570,"M 5.0 - 82km E of Tadine, New Caledonia",0,earthquake,",geoserve,origin,phase-data,",660,1512685935040,https://earthquake.usgs.gov/earthquakes/eventpage/us2000bp7k,
122,,4.6,2000bp6i,https://earthquake.usgs.gov/fdsnws/event/1/query?eventid=us2000bp6i&format=geojson,8.993,17,33,POINT Z (134.6386 7.364 10),us2000bp6i,",us2000bp6i,",5.0,mww,0.0,us,,"13km E of Ngetkib, Palau",0.67,392,",us,",reviewed,1510780755240,"M 5.0 - 13km E of Ngetkib, Palau",0,earthquake,",dyfi,geoserve,moment-tensor,origin,phase-data,",540,1512627524733,https://earthquake.usgs.gov/earthquakes/eventpage/us2000bp6i,
123,,0.0,2000bp61,https://earthquake.usgs.gov/fdsnws/event/1/query?eventid=us2000bp61&format=geojson,0.94,0,93,POINT Z (168.9577 -21.8586 10),us2000bp61,",us2000bp61,",5.0,mb,0.0,us,,"116km ESE of Tadine, New Caledonia",0.87,385,",us,",reviewed,1510780214910,"M 5.0 - 116km ESE of Tadine, New Caledonia",0,earthquake,",geoserve,origin,phase-data,",660,1512626004040,https://earthquake.usgs.gov/earthquakes/eventpage/us2000bp61,
124,,0.0,2000bp4a,https://earthquake.usgs.gov/fdsnws/event/1/query?eventid=us2000bp4a&format=geojson,0.916,0,67,POINT Z (168.9322 -21.852 8.85),us2000bp4a,",us2000bp4a,",5.4,mww,0.0,us,,"113km ESE of Tadine, New Caledonia",1.04,449,",us,",reviewed,1510777385660,"M 5.4 - 113km ESE of Tadine, New Caledonia",0,earthquake,",geoserve,moment-tensor,origin,phase-data,",660,1513123927040,https://earthquake.usgs.gov/earthquakes/eventpage/us2000bp4a,
125,,5.9,2000bp3f,https://earthquake.usgs.gov/fdsnws/event/1/query?eventid=us2000bp3f&format=geojson,1.991,23,40,POINT Z (47.3338 40.3136 22.44),us2000bp3f,",us2000bp3f,",5.2,mww,0.0,us,,"18km ESE of Barda, Azerbaijan",1.21,430,",us,",reviewed,1510775283610,"M 5.2 - 18km ESE of Barda, Azerbaijan",0,earthquake,",dyfi,geoserve,moment-tensor,origin,phase-data,",240,1513123899413,https://earthquake.usgs.gov/earthquakes/eventpage/us2000bp3f,
126,,0.0,2000bnts,https://earthquake.usgs.gov/fdsnws/event/1/query?eventid=us2000bnts&format=geojson,1.718,0,124,POINT Z (141.6085 25.4501 28.4),us2000bnts,",us2000bnts,",5.2,mb,0.0,us,,"78km NNE of Iwo Jima, Japan",1.32,416,",us,",reviewed,1510735701520,"M 5.2 - 78km NNE of Iwo Jima, Japan",0,earthquake,",geoserve,moment-tensor,origin,phase-data,",540,1510827301744,https://earthquake.usgs.gov/earthquakes/eventpage/us2000bnts,
127,,0.0,2000bntk,https://earthquake.usgs.gov/fdsnws/event/1/query?eventid=us2000bntk&format=geojson,0.841,0,93,POINT Z (168.8153 -21.9018 10),us2000bntk,",us2000bntk,",5.1,mb,0.0,us,,"103km ESE of Tadine, New Caledonia",0.61,400,",us,",reviewed,1510734200310,"M 5.1 - 103km ESE of Tadine, New Caledonia",0,earthquake,",geoserve,moment-tensor,origin,phase-data,",660,1510784142040,https://earthquake.usgs.gov/earthquakes/eventpage/us2000bntk,
128,yellow,7.5,2000bnrs,https://earthquake.usgs.gov/fdsnws/event/1/query?eventid=us2000bnrs&format=geojson,1.537,393,26,POINT Z (129.2695 36.0645 10),us2000bnrs,",us2000bnrs,",5.4,mww,6.58,us,,"9km WNW of Pohang, South Korea",0.72,945,",us,",reviewed,1510723772880,"M 5.4 - 9km WNW of Pohang, South Korea",0,earthquake,",dyfi,geoserve,losspager,moment-tensor,origin,phase-data,shakemap,",540,1512076535062,https://earthquake.usgs.gov/earthquakes/eventpage/us2000bnrs,
129,,0.0,2000bnrf,https://earthquake.usgs.gov/fdsnws/event/1/query?eventid=us2000bnrf&format=geojson,4.461,0,56,POINT Z (-174.6136 -17.4576 149.5),us2000bnrf,",us2000bnrf,",5.2,mb,0.0,us,,"147km NNW of Neiafu, Tonga",1.08,416,",us,",reviewed,1510722039080,"M 5.2 - 147km NNW of Neiafu, Tonga",0,earthquake,",geoserve,moment-tensor,origin,phase-data,",-720,1510770352040,https://earthquake.usgs.gov/earthquakes/eventpage/us2000bnrf,
130,green,0.0,2000bnnl,https://earthquake.usgs.gov/fdsnws/event/1/query?eventid=us2000bnnl&format=geojson,11.661,0,38,POINT Z (-17.1009 -59.0311 10),us2000bnnl,",us2000bnnl,",5.6,mww,0.0,us,,East of the South Sandwich Islands,0.84,482,",us,",reviewed,1510711345280,M 5.6 - East of the South Sandwich Islands,0,earthquake,",geoserve,losspager,moment-tensor,origin,phase-data,shakemap,",-60,1511931418644,https://earthquake.usgs.gov/earthquakes/eventpage/us2000bnnl,
131,,0.0,2000bnn5,https://earthquake.usgs.gov/fdsnws/event/1/query?eventid=us2000bnn5&format=geojson,22.386,0,64,POINT Z (70.8792 -26.1031 10),us2000bnn5,",us2000bnn5,",5.0,mb,0.0,us,,Indian Ocean Triple Junction,0.75,385,",us,",reviewed,1510707237540,M 5.0 - Indian Ocean Triple Junction,0,earthquake,",geoserve,origin,phase-data,",300,1511926285040,https://earthquake.usgs.gov/earthquakes/eventpage/us2000bnn5,
132,,0.0,2000bnmu,https://earthquake.usgs.gov/fdsnws/event/1/query?eventid=us2000bnmu&format=geojson,2.956,0,27,POINT Z (154.4528 -6.086 49.2),us2000bnmu,",us2000bnmu,",5.3,mww,0.0,us,,"117km WNW of Panguna, Papua New Guinea",0.89,432,",us,",reviewed,1510706171330,"M 5.3 - 117km WNW of Panguna, Papua New Guinea",1,earthquake,",geoserve,moment-tensor,origin,phase-data,",600,1511911293040,https://earthquake.usgs.gov/earthquakes/eventpage/us2000bnmu,
133,green,4.1,2000bnmq,https://earthquake.usgs.gov/fdsnws/event/1/query?eventid=us2000bnmq&format=geojson,1.226,53,19,POINT Z (143.7117 13.0996 123),us2000bnmq,",pt17319000,us2000bnmq,",5.8,mww,3.81,us,,"105km W of Merizo Village, Guam",1.24,539,",pt,us,",reviewed,1510705472670,"M 5.8 - 105km W of Merizo Village, Guam",0,earthquake,",dyfi,geoserve,losspager,moment-tensor,origin,phase-data,shakemap,",600,1511910170430,https://earthquake.usgs.gov/earthquakes/eventpage/us2000bnmq,
134,,0.0,2000bnms,https://earthquake.usgs.gov/fdsnws/event/1/query?eventid=us2000bnms&format=geojson,21.532,0,95,POINT Z (70.8159 -26.1935 10),us2000bnms,",us2000bnms,",5.3,mww,0.0,us,,Indian Ocean Triple Junction,0.94,432,",us,",reviewed,1510705413290,M 5.3 - Indian Ocean Triple Junction,0,earthquake,",geoserve,moment-tensor,origin,phase-data,",300,1511909244040,https://earthquake.usgs.gov/earthquakes/eventpage/us2000bnms,
135,,0.0,2000bnip,https://earthquake.usgs.gov/fdsnws/event/1/query?eventid=us2000bnip&format=geojson,2.44,0,63,POINT Z (-177.7876 -31.6901 10),us2000bnip,",us2000bnip,",5.1,mb,0.0,us,,"109km ESE of L'Esperance Rock, New Zealand",1.05,400,",us,",reviewed,1510692793980,"M 5.1 - 109km ESE of L'Esperance Rock, New Zealand",0,earthquake,",geoserve,origin,phase-data,",-720,1510768073040,https://earthquake.usgs.gov/earthquakes/eventpage/us2000bnip,
136,green,0.0,2000bnem,https://earthquake.usgs.gov/fdsnws/event/1/query?eventid=us2000bnem&format=geojson,1.573,0,33,POINT Z (-171.5244 -18.6401 10),us2000bnem,",us2000bnem,",5.4,mww,2.68,us,,"175km WNW of Alofi, Niue",1.14,449,",us,",reviewed,1510685040240,"M 5.4 - 175km WNW of Alofi, Niue",0,earthquake,",geoserve,losspager,origin,phase-data,shakemap,",-660,1513197914042,https://earthquake.usgs.gov/earthquakes/eventpage/us2000bnem,
137,,2.2,2000bn8t,https://earthquake.usgs.gov/fdsnws/event/1/query?eventid=us2000bn8t&format=geojson,2.134,1,187,POINT Z (-177.5126 -31.356 10),us2000bn8t,",us2000bn8t,",5.0,mb,0.0,us,,"132km E of L'Esperance Rock, New Zealand",0.91,385,",us,",reviewed,1510669119880,"M 5.0 - 132km E of L'Esperance Rock, New Zealand",0,earthquake,",dyfi,geoserve,origin,phase-data,",-720,1511818320611,https://earthquake.usgs.gov/earthquakes/eventpage/us2000bn8t,
138,green,0.0,2000bn70,https://earthquake.usgs.gov/fdsnws/event/1/query?eventid=us2000bn70&format=geojson,3.792,0,77,POINT Z (-177.9864 -18.1544 603.53),us2000bn70,",us2000bn70,",5.5,mww,1.0,us,,"286km NNE of Ndoi Island, Fiji",1.01,465,",us,",reviewed,1510656605770,"M 5.5 - 286km NNE of Ndoi Island, Fiji",0,earthquake,",geoserve,losspager,moment-tensor,origin,phase-data,shakemap,",-720,1510698439040,https://earthquake.usgs.gov/earthquakes/eventpage/us2000bn70,
